file,month,year,used_ocr,low_confidence_flag,categories_found,annual_inflation_pct,monthly_inflation_pct,cpi_from,cpi_to,Food_weight,Food_mom_pct,Food_yoy_pct,Alcoholic_Beverages_weight,Alcoholic_Beverages_mom_pct,Alcoholic_Beverages_yoy_pct,Clothing_weight,Clothing_mom_pct,Clothing_yoy_pct,Housing_weight,Housing_mom_pct,Housing_yoy_pct,Furnishings_weight,Furnishings_mom_pct,Furnishings_yoy_pct,Health_weight,Health_mom_pct,Health_yoy_pct,Transport_weight,Transport_mom_pct,Transport_yoy_pct,Information_weight,Information_mom_pct,Information_yoy_pct,Recreation_weight,Recreation_mom_pct,Recreation_yoy_pct,Education_Services_weight,Education_Services_mom_pct,Education_Services_yoy_pct,Restaurants_weight,Restaurants_mom_pct,Restaurants_yoy_pct,Insurance_weight,Insurance_mom_pct,Insurance_yoy_pct,Personal_Care_weight,Personal_Care_mom_pct,Personal_Care_yoy_pct,month_num,date
Kenya-Consumer-Price-Indices-and-Inflation-Rates-July-2023.pdf,July,2023,False,False,13,7.3,,,134.15,32.9094,-0.5,8.6,3.3289,1.2,10.1,2.9914,0.3,3.0,14.6124,-1.2,7.8,3.7372,0.2,4.1,2.9116,0.1,2.3,9.6468,3.5,13.0,7.784,0.1,1.1,1.7219,0.6,5.8,5.562,0.1,2.1,8.0991,0.3,5.0,2.2423,0.0,1.1,4.4532,0.4,7.8,7,2023-07-01
Kenya-Consumer-Price-Indices-and-Inflation-Rates-August-2023.pdf,August,2023,False,False,13,6.7,-0.1,134.15,134.02,32.9094,-0.5,7.5,3.3289,0.7,10.1,2.9914,0.2,2.9,14.6124,0.0,7.5,3.7372,0.4,4.0,2.9116,0.2,2.3,9.6468,0.3,13.1,7.784,-0.2,1.0,1.7219,0.1,5.6,5.562,0.0,2.0,8.0991,0.3,4.7,2.2423,0.4,1.4,4.4532,0.4,7.4,8,2023-08-01
Kenya-Consumer-Price-Indices-and-Inflation-Rates-September-2023.pdf,September,2023,True,False,13,6.8,1.0,134.02,135.32,32.9094,0.7,7.9,3.3289,0.8,10.4,2.9914,0.3,3.1,14.6124,1.4,6.3,3.7372,0.5,4.0,2.9116,0.4,2.5,9.6468,3.5,13.0,7.784,0.2,1.1,1.7219,0.3,5.5,5.562,0.2,2.1,8.0991,0.4,4.8,2.2423,0.0,1.4,4.4532,0.5,7.2,9,2023-09-01
Kenya-Consumer-Price-Indices-and-Inflation-Rates-October-2023.pdf,October,2023,True,False,13,6.9,1.0,135.32,136.71,32.9094,1.3,7.8,3.3289,0.7,9.0,2.9914,0.3,3.2,14.6124,1.9,7.8,3.7372,0.1,3.6,2.9116,0.1,2.5,9.6468,1.5,13.6,7.784,0.1,1.0,1.7219,0.2,5.2,5.562,0.0,2.1,8.0991,0.3,4.5,2.2423,0.0,1.4,4.4532,0.5,6.9,10,2023-10-01
Kenya-Consumer-Price-Indices-and-Inflation-Rates-Highlights-November-2023.pdf,November,2023,False,False,13,6.8,0.23,136.71,137.03,32.9094,0.4,7.6,3.3289,0.2,8.1,2.9914,0.5,3.2,14.6124,0.2,8.5,3.7372,0.3,3.6,2.9116,0.2,2.5,9.6468,-0.1,13.6,7.784,0.0,0.9,1.7219,0.1,5.0,5.562,0.0,1.9,8.0991,0.2,3.8,2.2423,0.1,0.7,4.4532,0.5,6.3,11,2023-11-01
Kenya-Consumer-Price-Indices-and-Inflation-Rates-December-2023.pdf,December,2023,False,False,13,6.6,0.4,137.03,137.55,32.9094,0.3,7.7,3.3289,0.5,8.5,2.9914,0.4,3.0,14.6124,0.4,8.3,3.7372,0.3,3.5,2.9116,0.3,2.8,9.6468,0.5,11.7,7.784,0.3,1.2,1.7219,0.6,5.1,5.562,0.0,1.9,8.0991,0.4,3.8,2.2423,0.0,0.8,4.4532,0.4,6.3,12,2023-12-01
Kenya-Consumer-Price-Indices-and-Inflation-Rates-January-2024.pdf,January,2024,False,False,13,6.9,0.44,137.55,138.15,32.9094,0.4,7.9,3.3289,0.8,8.3,2.9914,0.6,3.5,14.6124,1.6,9.7,3.7372,0.7,4.0,2.9116,0.1,2.4,9.6468,-0.9,10.6,7.784,0.2,1.3,1.7219,1.3,5.4,5.562,1.8,2.8,8.0991,0.6,4.3,2.2423,0.3,1.0,4.4532,0.3,6.1,1,2024-01-01
Kenya-Consumer-Price-Indices-and-Inflation-Rates-February-2024.pdf,February,2024,False,False,13,6.3,0.14,138.15,138.34,32.9094,0.3,6.9,3.3289,1.1,8.7,2.9914,0.1,3.5,14.6124,-0.8,8.4,3.7372,0.3,4.0,2.9116,0.3,2.6,9.6468,0.2,10.8,7.784,0.1,1.3,1.7219,0.3,5.0,5.562,0.0,2.4,8.0991,0.3,4.3,2.2423,0.0,1.0,4.4532,0.6,6.1,2,2024-02-01
Kenya-Consumer-Price-Indices-and-Inflation-Rates-March-2024.pdf,March,2024,False,False,13,5.7,0.23,138.34,138.66,32.9094,0.5,5.8,3.3289,0.4,8.5,2.9914,0.2,3.7,14.6124,0.2,8.0,3.7372,0.4,4.3,2.9116,0.3,2.6,9.6468,-0.6,9.7,7.784,0.0,1.3,1.7219,0.1,4.8,5.562,0.0,2.3,8.0991,0.3,4.5,2.2423,0.0,0.9,4.4532,0.3,6.1,3,2024-03-01
Kenya-Consumer-Price-Indices-and-Inflation-Rates-April-2024.pdf,April,2024,False,False,13,5.0,-0.19,138.66,138.4,32.9094,-0.1,5.6,3.3289,0.2,8.3,2.9914,0.2,3.7,14.6124,-1.3,3.8,3.7372,0.1,4.4,2.9116,0.1,2.7,9.6468,-0.3,9.2,7.784,0.1,1.3,1.7219,0.2,4.8,5.562,0.0,2.3,8.0991,0.2,4.3,2.2423,0.0,0.9,4.4532,0.2,6.0,4,2024-04-01
Kenya-Consumer-Price-Indices-and-Inflation-Rates-Highlights-May-2024.pdf,May,2024,False,False,13,5.1,1.0,138.4,139.85,32.9094,2.0,6.2,3.3289,0.6,8.0,2.9914,0.3,3.8,14.6124,1.2,4.4,3.7372,0.2,4.1,2.9116,0.1,2.6,9.6468,0.2,8.1,7.784,0.1,1.3,1.7219,0.3,4.8,5.562,0.0,2.3,8.0991,0.4,4.2,2.2423,0.1,1.0,4.4532,0.3,5.2,5,2024-05-01
Kenya-Consumer-Price-Indices-and-Inflation-Rates-June-2024.pdf,June,2024,False,False,13,4.6,0.4,139.64,140.23,32.9094,0.7,5.6,3.3289,0.5,7.7,2.9914,0.2,3.8,14.6124,0.4,3.1,3.7372,0.4,4.1,2.9116,0.2,2.4,9.6468,-0.2,7.7,7.784,0.1,1.3,1.7219,0.4,4.9,5.562,0.0,2.2,8.0991,0.6,4.4,2.2423,0.0,0.9,4.4532,0.4,4.8,6,2024-06-01
Kenya-Consumer-Price-Indices-and-Inflation-Rates-July-2024.pdf,July,2024,False,False,13,4.3,-0.21,140.23,139.94,32.9094,-0.5,5.6,3.3289,0.4,6.9,2.9914,0.1,3.6,14.6124,-0.4,3.9,3.7372,0.4,4.4,2.9116,0.3,2.7,9.6468,-0.1,4.0,7.784,0.0,1.2,1.7219,0.3,4.5,5.562,0.0,2.2,8.0991,0.2,4.3,2.2423,0.1,0.9,4.4532,0.4,4.8,7,2024-07-01
Kenya-Consumer-Price-Indices-and-Inflation-Rates-August-2024.pdf,August,2024,False,False,13,4.4,-0.05,139.94,139.87,32.9094,-0.7,5.3,3.3289,1.9,8.2,2.9914,0.1,3.5,14.6124,0.3,4.2,3.7372,0.2,4.2,2.9116,0.3,2.8,9.6468,0.3,3.9,7.784,0.3,1.6,1.7219,0.1,4.5,5.562,0.7,2.8,8.0991,0.4,4.5,2.2423,0.1,0.7,4.4532,0.2,4.6,8,2024-08-01
Kenya-Consumer-Price-Indices-and-Inflation-Rates-September-2024.pdf,September,2024,False,False,13,3.6,0.2,139.87,140.13,32.9094,0.4,5.1,3.3289,0.2,7.7,2.9914,0.1,3.3,14.6124,-0.1,2.6,3.7372,0.2,3.8,2.9116,0.3,2.7,9.6468,0.1,0.5,7.784,0.0,1.4,1.7219,0.1,4.3,5.562,0.2,2.9,8.0991,0.3,4.4,2.2423,0.1,0.7,4.4532,0.3,4.5,9,2024-09-01
Kenya-Consumer-Price-Indices-and-Inflation-Rates-October-2024.pdf,October,2024,False,False,13,2.7,0.2,140.13,140.44,32.9094,0.5,4.3,3.3289,0.3,7.2,2.9914,0.5,3.4,14.6124,-0.3,0.4,3.7372,0.4,4.1,2.9116,0.3,3.0,9.6468,-0.3,-1.3,7.784,0.1,1.4,1.7219,0.3,4.3,5.562,0.0,2.9,8.0991,0.6,4.6,2.2423,0.0,0.7,4.4532,0.4,4.4,10,2024-10-01
Kenya-Consumer-Price-Indices-and-Inflation-Rates-November-2024.pdf,November,2024,False,False,13,2.8,0.26,140.44,140.81,32.9094,0.6,4.5,3.3289,0.5,7.6,2.9914,0.1,2.9,14.6124,-0.1,0.1,3.7372,0.2,3.9,2.9116,0.1,2.9,9.6468,0.2,-1.1,7.784,0.0,1.4,1.7219,0.1,4.3,5.562,0.0,2.9,8.0991,0.1,4.5,2.2423,0.6,1.3,4.4532,0.2,4.1,11,2024-11-01
Kenya-Consumer-Price-Indices-and-Inflation-Rates-December-2024.pdf,December,2024,False,False,13,3.0,0.6,140.81,141.66,32.9094,0.7,4.8,3.3289,0.1,7.2,2.9914,2.0,4.5,14.6124,0.2,-0.2,3.7372,0.2,3.8,2.9116,0.5,3.0,9.6468,1.8,0.1,7.784,0.1,1.2,1.7219,0.2,3.9,5.562,0.0,2.8,8.0991,0.4,4.5,2.2423,0.0,1.2,4.4532,0.4,4.1,12,2024-12-01
Kenya-Consumer-Price-Indices-and-Inflation-Rates-January-2025.pdf,January,2025,False,False,13,3.3,0.72,141.66,142.68,32.9094,1.6,6.1,3.3289,0.3,6.7,2.9914,0.0,3.9,14.6124,0.1,-1.6,3.7372,0.3,3.3,2.9116,0.4,3.3,9.6468,-0.4,0.7,7.784,0.1,1.1,1.7219,1.0,3.5,5.562,1.6,2.6,8.0991,0.1,4.0,2.2423,0.0,0.9,4.4532,0.3,4.1,1,2025-01-01
Kenya-Consumer-Price-Indices-and-Inflation-Rates-February-2025.pdf,February,2025,False,False,13,3.5,0.3,142.68,143.12,32.9094,0.6,6.4,3.3289,0.6,6.2,2.9914,0.1,3.9,14.6124,0.1,-0.8,3.7372,0.3,3.3,2.9116,0.5,3.5,9.6468,0.1,0.7,7.784,0.1,1.1,1.7219,0.1,3.3,5.562,0.1,2.7,8.0991,0.2,3.9,2.2423,0.0,0.9,4.4532,0.2,3.7,2,2025-02-01
Kenya-Consumer-Price-Indices-and-Inflation-Rates-March-2025.pdf,March,2025,False,False,13,3.6,0.4,143.12,143.69,32.9094,0.7,6.6,3.3289,0.3,6.1,2.9914,0.3,4.0,14.6124,0.2,-0.8,3.7372,0.2,3.1,2.9116,0.1,3.3,9.6468,0.2,1.5,7.784,0.0,1.1,1.7219,0.1,3.3,5.562,0.0,2.7,8.0991,0.4,4.0,2.2423,0.0,0.9,4.4532,0.2,3.5,3,2025-03-01
Kenya-Consumer-Price-Indices-and-Inflation-Rates-April-2025.pdf,April,2025,False,False,13,4.1,0.3,143.69,144.09,32.9094,0.4,7.1,3.3289,0.2,6.0,2.9914,0.0,3.8,14.6124,0.3,0.8,3.7372,0.2,3.1,2.9116,0.2,3.4,9.6468,0.5,2.3,7.784,0.0,1.0,1.7219,0.3,3.3,5.562,0.0,2.7,8.0991,0.3,4.1,2.2423,0.0,0.9,4.4532,0.2,3.5,4,2025-04-01
Kenya-Consumer-Price-Indices-and-Inflation-Rates-May-2025_1.pdf,May,2025,False,False,13,3.8,0.5,144.09,144.88,32.9094,1.2,6.3,3.3289,0.1,5.5,2.9914,0.1,3.6,14.6124,0.0,0.8,3.7372,0.2,3.0,2.9116,0.2,3.6,9.6468,0.2,2.3,7.784,0.1,0.9,1.7219,0.3,3.4,5.562,0.2,2.9,8.0991,0.1,3.8,2.2423,0.0,0.9,4.4532,0.4,3.7,5,2025-05-01
Kenya-Consumer-Price-Indices-and-Inflation-Rates-June-2025.pdf,June,2025,False,False,13,3.8,0.5,144.88,145.58,32.9094,1.0,6.6,3.3289,0.2,5.2,2.9914,0.1,3.5,14.6124,-0.1,0.2,3.7372,0.1,2.8,2.9116,0.3,3.7,9.6468,0.7,3.2,7.784,0.0,0.8,1.7219,0.2,3.1,5.562,0.0,2.9,8.0991,0.1,3.3,2.2423,0.0,0.9,4.4532,0.1,3.3,6,2025-06-01
Kenya-Consumer-Price-Indices-and-Inflation-Rates-July-2025_1.pdf,July,2025,False,False,13,4.1,0.1,145.58,145.74,32.9094,-0.3,6.8,3.3289,0.3,5.1,2.9914,0.0,3.4,14.6124,0.7,1.3,3.7372,0.2,2.5,2.9116,0.1,3.5,9.6468,0.8,4.1,7.784,0.0,0.8,1.7219,0.1,2.9,5.562,0.0,2.9,8.0991,0.1,3.2,2.2423,0.0,0.9,4.4532,0.5,3.4,7,2025-07-01
Kenya-Consumer-Price-Indices-and-Inflation-Rates-August-2025.pdf,August,2025,False,False,13,4.5,0.3,145.74,146.21,32.9094,0.6,8.3,3.3289,0.2,3.4,2.9914,0.1,3.3,14.6124,-0.2,0.8,3.7372,-0.2,2.1,2.9116,0.1,3.3,9.6468,0.5,4.4,7.784,0.1,0.7,1.7219,0.0,2.8,5.562,0.2,2.4,8.0991,0.1,2.8,2.2423,0.1,0.9,4.4532,0.2,3.3,8,2025-08-01
Kenya-Consumer-Price-Indices-and-Inflation-Rates-September-2025.pdf,September,2025,False,False,13,4.6,0.2,146.21,146.56,32.9094,0.5,8.4,3.3289,0.2,3.3,2.9914,0.1,3.3,14.6124,0.5,1.4,3.7372,0.1,2.0,2.9116,0.1,3.0,9.6468,-0.3,4.0,7.784,0.1,0.8,1.7219,0.1,2.8,5.562,0.0,2.2,8.0991,0.0,2.6,2.2423,0.1,0.8,4.4532,0.1,3.1,9,2025-09-01
Kenya-Consumer-Price-Indices-and-Inflation-Rates-October-2025_1.pdf,October,2025,False,False,13,4.6,0.2,146.56,146.84,32.9094,0.2,8.0,3.3289,0.1,3.1,2.9914,0.1,2.9,14.6124,0.3,1.9,3.7372,0.0,1.7,2.9116,0.1,2.8,9.6468,0.4,4.8,7.784,0.0,0.7,1.7219,0.2,2.7,5.562,0.0,2.2,8.0991,0.4,2.3,2.2423,0.0,0.8,4.4532,0.1,2.7,10,2025-10-01
Kenya-Consumer-Price-Indices-and-Inflation-Rates-November-2025.pdf,November,2025,False,False,13,4.5,0.2,146.84,147.08,32.9094,0.3,7.7,3.3289,0.1,2.7,2.9914,0.2,3.0,14.6124,-0.1,1.9,3.7372,0.2,1.6,2.9116,0.2,2.9,9.6468,0.4,5.1,7.784,0.0,0.7,1.7219,0.2,2.7,5.562,0.0,2.2,8.0991,0.1,2.3,2.2423,0.0,0.2,4.4532,0.1,2.7,11,2025-11-01
Kenya-Consumer-Price-Indices-and-Inflation-Rates-December-2025.pdf,December,2025,False,False,13,4.5,0.6,147.08,148.02,32.9094,0.8,7.8,3.3289,0.2,2.8,2.9914,0.5,1.5,14.6124,-0.1,1.6,3.7372,0.1,1.6,2.9116,0.2,2.6,9.6468,1.9,5.2,7.784,0.1,0.7,1.7219,0.3,2.9,5.562,0.0,2.2,8.0991,0.2,2.1,2.2423,0.0,0.1,4.4532,0.3,2.6,12,2025-12-01
Kenya-Consumer-Price-Indices-and-Inflation-Rates-January-2026.pdf,January,2026,False,False,13,4.4,0.6,148.02,148.96,32.9094,1.1,7.3,3.3289,0.5,3.0,2.9914,0.5,2.0,14.6124,0.7,2.2,3.7372,0.2,1.5,2.9116,0.6,2.7,9.6468,-0.7,4.8,7.784,0.0,0.5,1.7219,0.6,2.5,5.562,2.1,2.7,8.0991,0.4,2.4,2.2423,0.5,0.6,4.4532,0.2,2.5,1,2026-01-01
Kenya-Consumer-Price-Indices-and-Inflation-Rates-February-2026.pdf,February,2026,False,False,13,4.3,0.2,148.96,149.2,32.9094,0.6,7.3,3.3289,0.1,2.5,2.9914,0.1,2.0,14.6124,-0.4,1.8,3.7372,0.1,1.4,2.9116,0.3,2.4,9.6468,-0.7,4.0,7.784,0.0,0.4,1.7219,0.2,2.6,5.562,0.4,3.0,8.0991,0.5,2.7,2.2423,0.1,0.7,4.4532,0.2,2.5,2,2026-02-01
Kenya-Consumer-Price-Indices-and-Inflation-Rates-March-2026.pdf,March,2026,False,False,13,4.4,0.5,149.2,150.0,32.9094,1.1,7.7,3.3289,0.1,2.3,2.9914,0.0,1.8,14.6124,0.4,2.0,3.7372,0.3,1.5,2.9116,0.4,2.7,9.6468,0.0,3.8,7.784,0.1,0.5,1.7219,0.1,2.6,5.562,0.3,3.3,8.0991,0.1,2.4,2.2423,0.0,0.7,4.4532,0.2,2.5,3,2026-03-01
Kenya-Consumer-Price-Indices-and-Inflation-Rates-April-2026.pdf,April,2026,False,False,13,5.6,1.4,150.0,152.15,32.9094,1.5,8.8,3.3289,0.2,2.3,2.9914,0.1,1.9,14.6124,0.8,2.4,3.7372,0.4,1.7,2.9116,0.1,2.6,9.6468,6.5,10.0,7.784,0.1,0.6,1.7219,0.4,2.7,5.562,0.0,3.2,8.0991,0.4,2.5,2.2423,0.1,0.8,4.4532,0.3,2.7,4,2026-04-01
Kenya-Consumer-Price-Indices-and-Inflation-Rates-May-2026.pdf,May,2026,False,False,13,6.7,1.6,152.15,154.56,32.9094,1.8,9.4,3.3289,0.2,2.5,2.9914,0.2,2.0,14.6124,0.9,3.4,3.7372,0.3,1.9,2.9116,0.2,2.6,9.6468,6.1,16.5,7.784,0.0,0.6,1.7219,0.1,2.5,5.562,0.0,3.1,8.0991,0.2,2.6,2.2423,0.0,0.8,4.4532,0.3,2.5,5,2026-05-01
Kenya-Consumer-Price-Indices-and-Inflation-Rates-June-2026.pdf,June,2026,False,False,13,6.4,0.2,154.56,154.91,32.9094,0.3,8.6,3.3289,0.3,2.6,2.9914,0.1,2.0,14.6124,-0.1,3.4,3.7372,0.5,2.2,2.9116,0.4,2.8,9.6468,0.3,16.1,7.784,0.0,0.6,1.7219,0.2,2.5,5.562,0.0,3.1,8.0991,0.2,2.7,2.2423,0.0,0.8,4.4532,0.3,2.7,6,2026-06-01
Kenya-Consumer-Price-Indices-and-Inflation-Rates-July-2026.pdf,July,2026,False,False,13,6.5,0.2,154.91,155.2,32.9094,0.1,9.0,3.3289,0.4,2.6,2.9914,0.2,2.2,14.6124,0.5,3.2,3.7372,0.4,2.4,2.9116,0.2,2.8,9.6468,0.3,15.6,7.784,0.0,0.6,1.7219,0.2,2.5,5.562,0.0,3.1,8.0991,0.2,2.9,2.2423,0.1,0.8,4.4532,0.2,2.4,7,2026-07-01
Kenya-Consumer-Price-Indices-and-Inflation-Rates-August-2026.pdf,August,2026,False,False,13,6.6,0.4,155.2,155.85,32.9094,0.6,9.0,3.3289,0.1,2.6,2.9914,0.1,2.2,14.6124,0.1,3.6,3.7372,0.3,2.9,2.9116,0.1,2.8,9.6468,0.7,15.7,7.784,0.4,0.8,1.7219,1.0,3.6,5.562,0.0,2.9,8.0991,0.2,3.0,2.2423,0.4,1.2,4.4532,0.2,2.4,8,2026-08-01
